sales_class,state,region,term,tier,rate
new,TX,GU,24,1+,0.002070833
new,TX,GU,36,1+,0.002070833
new,TX,GU,48,1+,0.002070833
new,TX,GU,60,1+,0.002070833
new,TX,GU,72,1+,0.0024875
new,TX,GU,24,1,0.0024875
new,TX,GU,36,1,0.0024875
new,TX,GU,48,1,0.0024875
new,TX,GU,60,1,0.0024875
new,TX,GU,72,1,0.002904167
new,TX,GU,24,2,0.002904167
new,TX,GU,36,2,0.002904167
new,TX,GU,48,2,0.002904167
new,TX,GU,60,2,0.002904167
new,TX,GU,72,2,0.003320833
